class,PCP_MAD,PCP_MPIJAD,PCK,PCIK,MPIJAD,MAD,Sparsity
chair_pose,0.0,1.0,0.5,1.0,0.0,0.2185007780790329,0.75
chair_pose,0.0,0.0,0.6666666666666666,0.5,0.12392152100801468,0.10579567402601242,0.75
chair_pose,1.0,0.0,0.75,0.0,0.36893218755722046,0.08594844490289688,0.75
chair_pose,0.0,0.0,0.4166666666666667,0.5,0.11882813274860382,0.21074354648590088,0.6666666666666666
chair_pose,1.0,0.0,0.8333333333333334,0.5,0.12888756394386292,0.05462387576699257,0.75
chair_pose,1.0,1.0,0.9166666666666666,1.0,0.0478704459965229,0.03225197643041611,0.75
chair_pose,1.0,1.0,0.75,0.5,0.05608202517032623,0.05177983641624451,0.8333333333333334
chair_pose,1.0,1.0,0.6666666666666666,0.5,0.09411624073982239,0.07491005212068558,0.75
downward-facing_dog_pose,0.0,1.0,0.6666666666666666,1.0,0.014538120478391647,0.19579927623271942,0.75
downward-facing_dog_pose,1.0,1.0,0.8333333333333334,1.0,0.008464188314974308,0.055123817175626755,0.75
downward-facing_dog_pose,1.0,1.0,0.9166666666666666,1.0,0.049006782472133636,0.021978408098220825,0.8333333333333334
downward-facing_dog_pose,1.0,1.0,0.8333333333333334,1.0,0.003902141470462084,0.03399673476815224,0.9166666666666666
downward-facing_dog_pose,1.0,1.0,0.8333333333333334,1.0,0.04073520377278328,0.09538716077804565,0.75
downward-facing_dog_pose,1.0,1.0,0.8333333333333334,1.0,0.016528209671378136,0.04955337941646576,0.75
goddess_pose,1.0,1.0,0.5833333333333334,0.5,0.07025981694459915,0.09681526571512222,0.8333333333333334
goddess_pose,1.0,0.0,0.6666666666666666,0.5,0.1096004843711853,0.09263265877962112,0.75
goddess_pose,1.0,1.0,0.9166666666666666,1.0,0.0,0.04296615719795227,0.8333333333333334
goddess_pose,1.0,1.0,0.9166666666666666,1.0,0.0,0.027769478037953377,0.8333333333333334
goddess_pose,1.0,0.0,0.75,0.0,0.111335389316082,0.039996664971113205,0.8333333333333334
goddess_pose,1.0,1.0,0.75,1.0,0.02973063662648201,0.09998216480016708,0.6666666666666666
goddess_pose,1.0,1.0,0.8333333333333334,1.0,0.0,0.0596715547144413,0.8333333333333334
goddess_pose,0.0,1.0,0.5833333333333334,0.5,0.0742233544588089,0.2353839874267578,0.8333333333333334
goddess_pose,0.0,1.0,0.75,1.0,0.0,0.1329929679632187,0.8333333333333334
goddess_pose,1.0,1.0,0.8333333333333334,1.0,0.0,0.0511520691215992,0.8333333333333334
goddess_pose,1.0,1.0,0.75,1.0,0.041054029017686844,0.08090922236442566,0.75
goddess_pose,1.0,1.0,0.9166666666666666,1.0,0.04364721104502678,0.015980981290340424,0.75
goddess_pose,0.0,1.0,0.5833333333333334,0.5,0.07563330233097076,0.11762017011642456,0.75
goddess_pose,0.0,1.0,0.8333333333333334,1.0,0.06383376568555832,0.10584356635808945,0.8333333333333334
goddess_pose,1.0,1.0,0.9166666666666666,1.0,0.028984736651182175,0.030914373695850372,0.75
goddess_pose,1.0,1.0,0.8333333333333334,1.0,0.01578657142817974,0.07036754488945007,0.75
goddess_pose,1.0,1.0,0.8333333333333334,1.0,0.0,0.04497918859124184,0.75
goddess_pose,0.0,0.0,0.75,0.0,0.3795662820339203,0.10498777776956558,0.75
goddess_pose,0.0,1.0,0.5,1.0,0.0,0.1364467740058899,0.75
goddess_pose,1.0,0.0,0.75,0.0,0.1763806790113449,0.06387921422719955,0.8333333333333334
goddess_pose,1.0,1.0,0.8333333333333334,1.0,0.0,0.03578639402985573,0.8333333333333334
goddess_pose,1.0,1.0,0.8333333333333334,1.0,0.0,0.05234871432185173,0.6666666666666666
goddess_pose,1.0,1.0,0.75,0.5,0.06601239740848541,0.05400924012064934,0.8333333333333334
goddess_pose,0.0,1.0,0.5,0.5,0.06547573208808899,0.14471088349819183,0.6666666666666666
goddess_pose,1.0,1.0,1.0,1.0,0.050335660576820374,0.015846487134695053,0.75
goddess_pose,1.0,1.0,0.8333333333333334,1.0,0.07215315848588943,0.0813000425696373,0.8333333333333334
goddess_pose,0.0,1.0,0.6666666666666666,1.0,0.0,0.1646089106798172,0.75
goddess_pose,1.0,1.0,0.5833333333333334,1.0,0.0,0.08940541744232178,0.8333333333333334
goddess_pose,1.0,0.0,0.75,0.0,0.15495595335960388,0.06391922384500504,0.8333333333333334
goddess_pose,0.0,1.0,0.5833333333333334,1.0,0.0,0.13289940357208252,0.75
goddess_pose,1.0,1.0,1.0,1.0,0.010997219011187553,0.0036508452612906694,0.8333333333333334
goddess_pose,1.0,1.0,0.8333333333333334,1.0,0.09552529454231262,0.04967949166893959,0.8333333333333334
lord_of_the_dance_pose,0.0,0.0,0.5,0.0,0.23562517762184143,0.18366937339305878,0.6666666666666666
lord_of_the_dance_pose,0.0,0.0,0.5833333333333334,0.5,0.10224942862987518,0.1669529229402542,0.75
lord_of_the_dance_pose,1.0,1.0,0.9166666666666666,1.0,0.03268349543213844,0.0654304102063179,0.75
lord_of_the_dance_pose,1.0,1.0,1.0,1.0,0.08455286175012589,0.01636890508234501,0.75
lord_of_the_dance_pose,1.0,1.0,0.9166666666666666,1.0,0.04341013357043266,0.02217520959675312,0.75
lord_of_the_dance_pose,1.0,1.0,0.9166666666666666,1.0,0.013516658917069435,0.01142085064202547,0.75
lord_of_the_dance_pose,1.0,1.0,1.0,1.0,0.07303329557180405,0.017501825466752052,0.75
lord_of_the_dance_pose,1.0,1.0,0.9166666666666666,1.0,0.06566555052995682,0.02026602439582348,0.75
lord_of_the_dance_pose,1.0,1.0,0.75,1.0,0.0,0.05380735173821449,0.8333333333333334
lord_of_the_dance_pose,1.0,0.0,0.8333333333333334,0.0,0.12982162833213806,0.03193795680999756,0.75
lord_of_the_dance_pose,1.0,1.0,0.8333333333333334,1.0,0.0,0.057363253086805344,0.8333333333333334
lord_of_the_dance_pose,1.0,0.0,0.75,0.0,0.2198701798915863,0.048568353056907654,0.75
lord_of_the_dance_pose,0.0,1.0,0.4166666666666667,1.0,0.0,0.29546427726745605,0.75
lord_of_the_dance_pose,1.0,1.0,0.75,1.0,0.04080432280898094,0.08120978623628616,0.75
lord_of_the_dance_pose,1.0,1.0,0.8333333333333334,1.0,0.07249756157398224,0.07453446835279465,0.75
lord_of_the_dance_pose,1.0,1.0,0.6666666666666666,0.5,0.05343110114336014,0.0672762542963028,0.75
lord_of_the_dance_pose,1.0,0.0,0.6666666666666666,0.5,0.10508713126182556,0.0610889308154583,0.75
lord_of_the_dance_pose,0.0,1.0,0.6666666666666666,1.0,0.0,0.1065472736954689,0.75
lord_of_the_dance_pose,1.0,1.0,0.75,1.0,0.022946100682020187,0.05190153792500496,0.75
lord_of_the_dance_pose,1.0,0.0,0.8333333333333334,0.0,0.11701450496912003,0.04646109417080879,0.75
lord_of_the_dance_pose,0.0,1.0,0.5833333333333334,1.0,0.0,0.20396935939788818,0.75
lord_of_the_dance_pose,0.0,1.0,0.5833333333333334,1.0,0.0,0.1102803573012352,0.75
lord_of_the_dance_pose,1.0,1.0,0.75,0.5,0.07441997528076172,0.06610842049121857,0.8333333333333334
lord_of_the_dance_pose,1.0,1.0,0.8333333333333334,1.0,0.05933152884244919,0.059146031737327576,0.75
lord_of_the_dance_pose,0.0,1.0,0.6666666666666666,1.0,0.03831882402300835,0.14123181998729706,0.75
lord_of_the_dance_pose,0.0,1.0,0.6666666666666666,1.0,0.0,0.10278908163309097,0.75
lord_of_the_dance_pose,1.0,1.0,0.75,1.0,0.0,0.060707688331604004,0.75
lord_of_the_dance_pose,1.0,0.0,0.8333333333333334,0.0,0.3292599320411682,0.04980443790555,0.75
lord_of_the_dance_pose,1.0,1.0,1.0,1.0,0.010130440816283226,0.009252002462744713,0.8333333333333334
lord_of_the_dance_pose,1.0,1.0,0.9166666666666666,1.0,0.03839618340134621,0.020230066031217575,0.75
low_lunge_pose,1.0,0.0,0.75,0.0,0.19865910708904266,0.07507436722517014,0.8333333333333334
low_lunge_pose,0.0,1.0,0.4166666666666667,0.5,0.09869298338890076,0.15002135932445526,0.6666666666666666
low_lunge_pose,1.0,1.0,0.6666666666666666,1.0,0.0,0.07489071041345596,0.75
low_lunge_pose,1.0,0.0,0.8333333333333334,0.0,0.12108681350946426,0.038211576640605927,0.75
low_lunge_pose,1.0,0.0,0.75,0.0,0.43423983454704285,0.0911090299487114,0.75
low_lunge_pose,0.0,1.0,0.5833333333333334,1.0,0.0,0.1379512995481491,0.8333333333333334
low_lunge_pose,0.0,1.0,0.4166666666666667,1.0,0.0,0.17301945388317108,0.75
low_lunge_pose,0.0,0.0,0.6666666666666666,0.5,0.12139115482568741,0.189402773976326,0.75
low_lunge_pose,1.0,0.0,0.75,0.0,0.3087722063064575,0.09655188769102097,0.75
low_lunge_pose,0.0,1.0,0.5833333333333334,1.0,0.0,0.22902043163776398,0.75
low_lunge_pose,0.0,1.0,0.6666666666666666,1.0,0.0,0.10650519281625748,0.8333333333333334
low_lunge_pose,0.0,0.0,0.5833333333333334,0.5,0.30994510650634766,0.19871802628040314,0.75
low_lunge_pose,1.0,1.0,0.6666666666666666,1.0,0.0,0.0900472104549408,0.75
low_lunge_pose,0.0,0.0,0.4166666666666667,0.5,0.1339416801929474,0.1377958506345749,0.6666666666666666
low_lunge_pose,1.0,0.0,0.75,0.0,0.1297873854637146,0.04603354260325432,0.75
low_lunge_pose,0.0,1.0,0.6666666666666666,1.0,0.04808289185166359,0.10285550355911255,0.75
low_lunge_pose,0.0,1.0,0.6666666666666666,0.5,0.084996297955513,0.11461422592401505,0.8333333333333334
low_lunge_pose,0.0,0.0,0.6666666666666666,0.5,0.10217157006263733,0.10344763845205307,0.8333333333333334
low_lunge_pose,1.0,1.0,0.75,1.0,0.0,0.08943510055541992,0.8333333333333334
low_lunge_pose,1.0,0.0,0.75,0.0,0.21600039303302765,0.04768773540854454,0.8333333333333334
low_lunge_pose,1.0,1.0,0.9166666666666666,1.0,0.048648156225681305,0.04604099690914154,0.8333333333333334
low_lunge_pose,1.0,1.0,1.0,1.0,0.04611874371767044,0.013836137019097805,0.75
low_lunge_pose,1.0,1.0,1.0,1.0,0.03253308683633804,0.008001922629773617,0.75
low_lunge_pose,1.0,0.0,0.8333333333333334,0.5,0.11335129290819168,0.04348597303032875,0.75
low_lunge_pose,0.0,0.0,0.75,0.0,0.36048898100852966,0.12260449677705765,0.75
low_lunge_pose,0.0,1.0,0.6666666666666666,0.5,0.07505657523870468,0.12372985482215881,0.75
low_lunge_pose,1.0,1.0,0.6666666666666666,1.0,0.0,0.08452016115188599,0.75
low_lunge_pose,0.0,1.0,0.5833333333333334,1.0,0.0,0.1425274759531021,0.75
low_lunge_pose,1.0,1.0,0.6666666666666666,1.0,0.0,0.08276725560426712,0.75
low_lunge_pose,0.0,1.0,0.5833333333333334,1.0,0.0,0.17515893280506134,0.75
side_plank_pose,1.0,1.0,0.8333333333333334,1.0,0.029515473172068596,0.07686730474233627,0.8333333333333334
side_plank_pose,1.0,1.0,0.9166666666666666,1.0,0.025793733075261116,0.026468167081475258,0.8333333333333334
side_plank_pose,0.0,1.0,0.6666666666666666,0.5,0.06766800582408905,0.12213188409805298,0.75
side_plank_pose,0.0,1.0,0.5833333333333334,1.0,0.0,0.1424001008272171,0.75
side_plank_pose,1.0,1.0,0.8333333333333334,1.0,0.004553512204438448,0.07092425972223282,0.8333333333333334
side_plank_pose,1.0,0.0,0.8333333333333334,0.0,0.15010066330432892,0.05089094117283821,0.75
side_plank_pose,0.0,1.0,0.6666666666666666,1.0,0.03461144119501114,0.11926081031560898,0.6666666666666666
side_plank_pose,1.0,1.0,0.9166666666666666,1.0,0.0,0.037713874131441116,0.8333333333333334
side_plank_pose,1.0,1.0,0.75,1.0,0.0,0.054226238280534744,0.75
side_plank_pose,1.0,1.0,0.75,1.0,0.0,0.07290659099817276,0.75
side_plank_pose,1.0,0.0,0.8333333333333334,0.0,0.1634688377380371,0.06103229150176048,0.75
side_plank_pose,0.0,1.0,0.6666666666666666,1.0,0.03214942291378975,0.19305332005023956,0.75
side_plank_pose,0.0,0.0,0.8333333333333334,0.5,0.26454079151153564,0.13682575523853302,0.75
side_plank_pose,1.0,1.0,0.8333333333333334,1.0,0.025680208578705788,0.050125520676374435,0.8333333333333334
side_plank_pose,0.0,1.0,0.8333333333333334,1.0,0.0720667764544487,0.16001500189304352,0.75
side_plank_pose,1.0,1.0,0.8333333333333334,1.0,0.006282687187194824,0.05971016362309456,0.9166666666666666
side_plank_pose,1.0,1.0,0.9166666666666666,1.0,0.0,0.01910257153213024,0.75
side_plank_pose,1.0,1.0,0.9166666666666666,1.0,0.0,0.021683335304260254,0.75
side_plank_pose,1.0,1.0,0.6666666666666666,1.0,0.0,0.09564734250307083,0.75
side_plank_pose,0.0,1.0,0.5833333333333334,1.0,0.0,0.12206839770078659,0.75
side_plank_pose,1.0,1.0,0.9166666666666666,1.0,0.06072927638888359,0.0385032594203949,0.75
side_plank_pose,1.0,1.0,0.9166666666666666,1.0,0.0,0.01836761273443699,0.75
side_plank_pose,0.0,1.0,0.6666666666666666,1.0,0.0147097771987319,0.1760799139738083,0.75
side_plank_pose,1.0,0.0,0.8333333333333334,0.0,0.12251096218824387,0.040027618408203125,0.75
side_plank_pose,0.0,1.0,0.75,1.0,0.0,0.1305982917547226,0.8333333333333334
side_plank_pose,1.0,1.0,0.8333333333333334,1.0,0.08300293982028961,0.055809736251831055,0.75
side_plank_pose,1.0,1.0,0.75,1.0,0.0017224415205419064,0.05951318144798279,0.8333333333333334
side_plank_pose,1.0,1.0,0.8333333333333334,1.0,0.003730051452293992,0.06382384896278381,0.9166666666666666
side_plank_pose,1.0,0.0,0.8333333333333334,0.0,0.13751262426376343,0.03914402797818184,0.75
side_plank_pose,1.0,1.0,0.9166666666666666,1.0,0.05766529589891434,0.02040293626487255,0.75
side_plank_pose,1.0,1.0,0.8333333333333334,1.0,0.029767554253339767,0.056834179908037186,0.8333333333333334
side_plank_pose,0.0,0.0,0.8333333333333334,0.5,0.2212299257516861,0.13308651745319366,0.8333333333333334
staff_pose,1.0,1.0,0.8333333333333334,1.0,0.0,0.08264748007059097,0.8333333333333334
staff_pose,1.0,1.0,0.75,1.0,0.004598333965986967,0.07743140310049057,0.8333333333333334
staff_pose,1.0,1.0,0.8333333333333334,1.0,0.011520488187670708,0.0690331980586052,0.8333333333333334
staff_pose,1.0,1.0,0.8333333333333334,1.0,0.006008785683661699,0.0714201107621193,0.8333333333333334
staff_pose,0.0,1.0,0.75,1.0,0.048455338925123215,0.11114596575498581,0.8333333333333334
staff_pose,1.0,1.0,0.8333333333333334,1.0,0.006971102673560381,0.05242478474974632,0.9166666666666666
staff_pose,0.0,1.0,0.6666666666666666,0.5,0.059948306530714035,0.1007213369011879,0.8333333333333334
staff_pose,1.0,1.0,0.8333333333333334,1.0,0.0,0.03900044038891792,0.8333333333333334
staff_pose,0.0,0.0,0.6666666666666666,0.5,0.1273667961359024,0.12348222732543945,0.8333333333333334
staff_pose,1.0,0.0,0.75,0.5,0.11734307557344437,0.09354540705680847,0.8333333333333334
staff_pose,1.0,1.0,0.75,1.0,0.0,0.09963780641555786,0.75
staff_pose,1.0,1.0,0.8333333333333334,1.0,0.0371675118803978,0.05768748000264168,0.8333333333333334
staff_pose,1.0,1.0,0.75,1.0,0.0024617058224976063,0.06091378629207611,0.9166666666666666
staff_pose,1.0,1.0,0.8333333333333334,1.0,0.006577898748219013,0.09624016284942627,0.8333333333333334
staff_pose,1.0,1.0,0.9166666666666666,1.0,0.09261573851108551,0.036147378385066986,0.75
staff_pose,1.0,0.0,0.8333333333333334,0.5,0.18568257987499237,0.08240925520658493,0.8333333333333334
staff_pose,1.0,1.0,0.9166666666666666,1.0,0.0,0.01779196411371231,0.9166666666666666
staff_pose,1.0,0.0,0.8333333333333334,0.5,0.1731308549642563,0.05416342616081238,0.9166666666666666
staff_pose,1.0,1.0,0.8333333333333334,1.0,0.016503142192959785,0.055320579558610916,0.8333333333333334
staff_pose,0.0,1.0,0.8333333333333334,1.0,0.004222712945193052,0.10897538810968399,0.8333333333333334
staff_pose,1.0,1.0,0.8333333333333334,1.0,0.005420012399554253,0.06896556168794632,0.8333333333333334
staff_pose,0.0,1.0,0.75,1.0,0.026902349665760994,0.13367371261119843,0.8333333333333334
tree_pose,1.0,0.0,0.75,0.0,0.21593248844146729,0.04603591188788414,0.75
tree_pose,1.0,1.0,0.6666666666666666,0.5,0.05209711566567421,0.08776133507490158,0.75
tree_pose,1.0,1.0,0.8333333333333334,1.0,0.0,0.051761019974946976,0.75
tree_pose,1.0,1.0,0.8333333333333334,1.0,0.0,0.0625719353556633,0.75
tree_pose,1.0,1.0,0.8333333333333334,1.0,0.0,0.032873593270778656,0.8333333333333334
tree_pose,1.0,1.0,0.9166666666666666,1.0,0.0,0.04405247047543526,0.75
tree_pose,1.0,1.0,0.8333333333333334,1.0,0.08516840636730194,0.03609749302268028,0.75
tree_pose,1.0,1.0,0.9166666666666666,1.0,0.010196828283369541,0.021752959117293358,0.75
tree_pose,1.0,1.0,0.75,1.0,0.0,0.08998024463653564,0.8333333333333334
tree_pose,1.0,1.0,0.8333333333333334,1.0,0.03218584507703781,0.04283285140991211,0.8333333333333334
tree_pose,0.0,1.0,0.6666666666666666,1.0,0.0,0.16898037493228912,0.75
tree_pose,1.0,1.0,0.8333333333333334,1.0,0.05894432216882706,0.05641453340649605,0.75
tree_pose,1.0,1.0,0.8333333333333334,1.0,0.006489290855824947,0.04566381499171257,0.8333333333333334
tree_pose,1.0,1.0,0.9166666666666666,1.0,0.009681317955255508,0.017813192680478096,0.8333333333333334
tree_pose,0.0,1.0,0.75,1.0,0.044884297996759415,0.10751304775476456,0.75
tree_pose,0.0,0.0,0.6666666666666666,0.5,0.10056690126657486,0.11673151701688766,0.8333333333333334
tree_pose,1.0,1.0,0.8333333333333334,1.0,0.040128547698259354,0.06603866070508957,0.75
tree_pose,1.0,1.0,0.9166666666666666,1.0,0.03953605145215988,0.012505889870226383,0.75
tree_pose,1.0,1.0,0.8333333333333334,1.0,0.06364543735980988,0.034287068992853165,0.75
tree_pose,1.0,1.0,0.8333333333333334,1.0,0.045078154653310776,0.03316325321793556,0.75
tree_pose,1.0,0.0,0.8333333333333334,0.5,0.1337033063173294,0.04411644861102104,0.75
tree_pose,1.0,1.0,0.75,1.0,0.004875370766967535,0.09757044166326523,0.75
tree_pose,1.0,0.0,0.5,0.0,0.19122903048992157,0.08354350179433823,0.6666666666666666
tree_pose,0.0,1.0,0.5,0.5,0.050199441611766815,0.15097200870513916,0.6666666666666666
tree_pose,1.0,1.0,0.6666666666666666,0.5,0.0571247898042202,0.09740686416625977,0.8333333333333334
tree_pose,0.0,1.0,0.75,1.0,0.0464765839278698,0.10758880525827408,0.75
tree_pose,1.0,0.0,0.8333333333333334,0.5,0.13162244856357574,0.033057600259780884,0.75
tree_pose,1.0,1.0,0.9166666666666666,1.0,0.0877695381641388,0.04203398525714874,0.8333333333333334
warrior_1_pose,1.0,1.0,0.8333333333333334,1.0,0.06231611222028732,0.02403988502919674,0.75
warrior_1_pose,1.0,1.0,0.75,1.0,0.0,0.08073423057794571,0.75
warrior_1_pose,1.0,1.0,0.8333333333333334,1.0,0.0,0.06106363236904144,0.6666666666666666
warrior_1_pose,1.0,0.0,0.75,0.0,0.11691134423017502,0.08492177724838257,0.8333333333333334
warrior_1_pose,1.0,1.0,0.6666666666666666,1.0,0.0,0.07884154468774796,0.75
warrior_1_pose,0.0,1.0,0.5833333333333334,1.0,0.0,0.2527415454387665,0.75
warrior_1_pose,0.0,1.0,0.5,1.0,0.0,0.23101556301116943,0.6666666666666666
warrior_1_pose,0.0,0.0,0.5833333333333334,0.5,0.1365327090024948,0.14312680065631866,0.75
warrior_1_pose,0.0,1.0,0.5833333333333334,1.0,0.0,0.14018964767456055,0.75
warrior_1_pose,1.0,0.0,0.5,0.0,0.2492932230234146,0.09717907756567001,0.6666666666666666
warrior_1_pose,0.0,1.0,0.6666666666666666,0.5,0.08695583045482635,0.1475895494222641,0.8333333333333334
warrior_1_pose,1.0,0.0,0.75,0.5,0.11635670065879822,0.05430077016353607,0.75
warrior_1_pose,0.0,1.0,0.6666666666666666,0.5,0.05772619694471359,0.11451011896133423,0.8333333333333334
warrior_1_pose,0.0,0.0,0.75,0.0,0.2243989109992981,0.10391584783792496,0.75
warrior_1_pose,1.0,1.0,0.9166666666666666,1.0,0.02219410613179207,0.04521821066737175,0.8333333333333334
warrior_1_pose,1.0,1.0,0.8333333333333334,1.0,0.0,0.03272077441215515,0.75
warrior_1_pose,1.0,1.0,0.8333333333333334,1.0,0.0,0.04451910778880119,0.8333333333333334
warrior_1_pose,1.0,0.0,0.75,0.0,0.12006824463605881,0.07034818083047867,0.75
warrior_1_pose,0.0,0.0,0.5,0.0,0.22353476285934448,0.1296294927597046,0.6666666666666666
warrior_1_pose,0.0,0.0,0.5,0.0,0.1968822032213211,0.10985641926527023,0.6666666666666666
warrior_1_pose,1.0,1.0,0.8333333333333334,1.0,0.03505387902259827,0.046030689030885696,0.8333333333333334
warrior_1_pose,1.0,1.0,0.5833333333333334,1.0,0.0,0.07041522860527039,0.6666666666666666
warrior_1_pose,1.0,1.0,0.9166666666666666,1.0,0.0,0.026304446160793304,0.8333333333333334
warrior_1_pose,1.0,1.0,0.75,1.0,0.022593548521399498,0.051294755190610886,0.75
warrior_1_pose,0.0,0.0,0.5833333333333334,0.5,0.34965816140174866,0.24913819134235382,0.75
warrior_1_pose,0.0,0.0,0.6666666666666666,0.5,0.21075892448425293,0.1164606586098671,0.75
warrior_1_pose,1.0,1.0,0.5833333333333334,1.0,0.0,0.08285010606050491,0.6666666666666666
warrior_1_pose,0.0,1.0,0.4166666666666667,1.0,0.0,0.2820012867450714,0.75
warrior_1_pose,1.0,1.0,1.0,1.0,0.05867266282439232,0.014717106707394123,0.75
warrior_1_pose,0.0,1.0,0.6666666666666666,1.0,0.0,0.12371497601270676,0.8333333333333334
warrior_1_pose,1.0,0.0,0.75,0.0,0.18654441833496094,0.07119256258010864,0.75
warrior_1_pose,1.0,1.0,0.6666666666666666,0.5,0.07625477761030197,0.07956688851118088,0.75
warrior_2_pose,0.0,1.0,0.5833333333333334,1.0,0.0,0.17888522148132324,0.8333333333333334
warrior_2_pose,1.0,1.0,0.75,1.0,0.0,0.0322500504553318,0.8333333333333334
warrior_2_pose,1.0,1.0,0.8333333333333334,1.0,0.06692524254322052,0.04022783413529396,0.8333333333333334
warrior_2_pose,0.0,1.0,0.5,0.5,0.09753748774528503,0.16104410588741302,0.6666666666666666
warrior_2_pose,0.0,0.0,0.8333333333333334,0.5,0.19140705466270447,0.11551354080438614,0.8333333333333334
warrior_2_pose,1.0,1.0,0.8333333333333334,1.0,0.05461239069700241,0.03163343295454979,0.75
warrior_2_pose,0.0,1.0,0.5833333333333334,0.5,0.08222580701112747,0.11851603537797928,0.75
warrior_2_pose,1.0,1.0,1.0,1.0,0.06201770901679993,0.012654420919716358,0.75
warrior_2_pose,1.0,0.0,0.8333333333333334,0.5,0.12317077815532684,0.04843023791909218,0.75
warrior_2_pose,1.0,1.0,0.5833333333333334,0.5,0.05205749347805977,0.09851454943418503,0.75
warrior_2_pose,1.0,1.0,0.6666666666666666,0.5,0.05803874507546425,0.07799000293016434,0.8333333333333334
warrior_2_pose,1.0,1.0,0.6666666666666666,1.0,0.0,0.08078711479902267,0.75
warrior_2_pose,1.0,0.0,0.75,0.0,0.12950587272644043,0.0547187365591526,0.8333333333333334
warrior_2_pose,1.0,1.0,0.8333333333333334,1.0,0.017216242849826813,0.04548773169517517,0.75
warrior_2_pose,0.0,1.0,0.5833333333333334,1.0,0.0,0.12183592468500137,0.75
warrior_2_pose,1.0,1.0,0.8333333333333334,1.0,0.08320486545562744,0.08084256201982498,0.75
warrior_2_pose,1.0,0.0,0.75,0.0,0.14595356583595276,0.051727790385484695,0.8333333333333334
warrior_2_pose,0.0,1.0,0.5833333333333334,1.0,0.0,0.1614719033241272,0.75
warrior_2_pose,1.0,0.0,0.6666666666666666,0.5,0.10449180752038956,0.09898772090673447,0.75
warrior_2_pose,1.0,1.0,0.8333333333333334,1.0,0.0,0.034191232174634933,0.75
warrior_2_pose,1.0,1.0,0.75,1.0,0.0,0.05245792865753174,0.75
warrior_2_pose,1.0,1.0,0.75,1.0,0.0,0.04928937181830406,0.75
warrior_2_pose,1.0,0.0,0.75,0.0,0.16477647423744202,0.05578623339533806,0.8333333333333334
warrior_2_pose,1.0,1.0,0.8333333333333334,1.0,0.03513699024915695,0.047448039054870605,0.75
warrior_2_pose,0.0,1.0,0.75,1.0,0.0,0.13295432925224304,0.8333333333333334
warrior_2_pose,0.0,1.0,0.75,1.0,0.0,0.1451694220304489,0.8333333333333334
warrior_2_pose,1.0,1.0,0.9166666666666666,1.0,0.07445460557937622,0.05929693579673767,0.8333333333333334
warrior_2_pose,1.0,1.0,0.6666666666666666,1.0,0.0,0.06444493681192398,0.8333333333333334
warrior_2_pose,0.0,1.0,0.6666666666666666,1.0,0.0,0.19321294128894806,0.75
warrior_2_pose,0.0,1.0,0.5833333333333334,1.0,0.0,0.23754817247390747,0.75
warrior_2_pose,1.0,1.0,0.8333333333333334,1.0,0.0,0.040881939232349396,0.75
warrior_2_pose,0.0,1.0,0.5833333333333334,1.0,0.0,0.10601559281349182,0.75
warrior_3_pose,1.0,1.0,0.75,1.0,0.011308066546916962,0.09977928549051285,0.75
warrior_3_pose,0.0,1.0,0.75,1.0,0.02568831667304039,0.1391070932149887,0.75
warrior_3_pose,1.0,1.0,0.8333333333333334,1.0,0.026907730847597122,0.05328817293047905,0.8333333333333334
warrior_3_pose,0.0,0.0,0.8333333333333334,0.5,0.19090378284454346,0.10992136597633362,0.8333333333333334
warrior_3_pose,1.0,1.0,0.8333333333333334,1.0,0.036950986832380295,0.07301149517297745,0.8333333333333334
warrior_3_pose,0.0,1.0,0.6666666666666666,1.0,0.016805263236165047,0.12478933483362198,0.8333333333333334
warrior_3_pose,1.0,1.0,0.9166666666666666,1.0,0.01220702100545168,0.029607484117150307,0.75
warrior_3_pose,1.0,1.0,0.8333333333333334,1.0,0.02121002972126007,0.036110829561948776,0.75
warrior_3_pose,1.0,1.0,1.0,1.0,0.029124708846211433,0.004866042640060186,0.8333333333333334
warrior_3_pose,0.0,1.0,0.5833333333333334,0.5,0.08410750329494476,0.14970198273658752,0.75
warrior_3_pose,1.0,1.0,0.75,0.5,0.05070404335856438,0.046611905097961426,0.75
warrior_3_pose,1.0,0.0,0.8333333333333334,0.0,0.14876778423786163,0.04691457748413086,0.8333333333333334
warrior_3_pose,1.0,1.0,0.75,1.0,0.017510196194052696,0.0686669871211052,0.75
warrior_3_pose,1.0,1.0,0.9166666666666666,1.0,0.04332824796438217,0.0223570317029953,0.8333333333333334
warrior_3_pose,1.0,1.0,0.8333333333333334,1.0,0.09914743900299072,0.05172530934214592,0.8333333333333334
warrior_3_pose,0.0,1.0,0.75,1.0,0.04000897705554962,0.10825479030609131,0.6666666666666666
warrior_3_pose,1.0,1.0,0.8333333333333334,1.0,0.027943385764956474,0.038745734840631485,0.75
warrior_3_pose,1.0,1.0,0.9166666666666666,1.0,0.00597170926630497,0.021979717537760735,0.9166666666666666
warrior_3_pose,1.0,1.0,0.8333333333333334,1.0,0.0,0.059225913137197495,0.9166666666666666
warrior_3_pose,1.0,1.0,0.9166666666666666,1.0,0.0,0.034526277333498,0.75
warrior_3_pose,1.0,1.0,0.9166666666666666,1.0,0.0,0.0204447153955698,0.9166666666666666
warrior_3_pose,1.0,1.0,0.75,1.0,0.0358278825879097,0.07117858529090881,0.75
warrior_3_pose,1.0,1.0,0.75,1.0,0.00035591042251326144,0.05851128697395325,0.8333333333333334
warrior_3_pose,0.0,1.0,0.6666666666666666,0.5,0.09737273305654526,0.14842809736728668,0.75
warrior_3_pose,1.0,1.0,0.8333333333333334,1.0,0.022462807595729828,0.0407068096101284,0.6666666666666666
warrior_3_pose,1.0,1.0,0.75,1.0,0.048907361924648285,0.09406585246324539,0.8333333333333334
warrior_3_pose,1.0,0.0,0.8333333333333334,0.0,0.12870772182941437,0.052983611822128296,0.75
warrior_3_pose,1.0,1.0,0.9166666666666666,1.0,0.0750419944524765,0.03709819167852402,0.8333333333333334
warrior_3_pose,1.0,1.0,0.6666666666666666,0.5,0.07873345911502838,0.08228375762701035,0.8333333333333334
warrior_3_pose,1.0,0.0,0.8333333333333334,0.0,0.14496302604675293,0.030426276847720146,0.8333333333333334
warrior_3_pose,1.0,1.0,0.8333333333333334,0.5,0.06888037174940109,0.05146967992186546,0.8333333333333334
warrior_3_pose,0.0,1.0,0.6666666666666666,0.5,0.08398283272981644,0.11298280954360962,0.75
chair_pose,0.0,1.0,0.5833333333333334,1.0,0.0,0.1380348950624466,0.75
chair_pose,1.0,0.0,0.75,0.0,0.13923631608486176,0.08346622437238693,0.8333333333333334
chair_pose,1.0,0.0,0.75,0.0,0.10965689271688461,0.03320372477173805,0.75
chair_pose,1.0,1.0,0.8333333333333334,1.0,0.04681337624788284,0.08343440294265747,0.6666666666666666
chair_pose,1.0,0.0,0.75,0.0,0.11718190461397171,0.09111549705266953,0.6666666666666666
chair_pose,1.0,1.0,0.75,1.0,0.0,0.040791403502225876,0.6666666666666666
chair_pose,0.0,1.0,0.6666666666666666,0.5,0.07103521376848221,0.13370375335216522,0.8333333333333334
chair_pose,1.0,1.0,0.8333333333333334,1.0,0.03771034628152847,0.04185017570853233,0.75
chair_pose,0.0,0.0,0.75,0.0,0.22911356389522552,0.11949541419744492,0.8333333333333334
chair_pose,1.0,0.0,0.75,0.0,0.1846950799226761,0.07313811779022217,0.75
chair_pose,1.0,1.0,0.9166666666666666,1.0,0.004697951953858137,0.012619669549167156,0.9166666666666666
chair_pose,1.0,1.0,0.9166666666666666,1.0,0.04103737324476242,0.05499168112874031,0.8333333333333334
chair_pose,1.0,1.0,0.8333333333333334,1.0,0.011136634275317192,0.027374975383281708,0.75
chair_pose,0.0,1.0,0.5833333333333334,0.5,0.05777546018362045,0.14061115682125092,0.6666666666666666
chair_pose,1.0,0.0,0.75,0.0,0.18314680457115173,0.06835224479436874,0.75
chair_pose,1.0,0.0,0.75,0.0,0.1404600590467453,0.061856579035520554,0.75
chair_pose,0.0,1.0,0.5833333333333334,1.0,0.0,0.10227268189191818,0.75
chair_pose,1.0,1.0,0.75,1.0,0.02151726372539997,0.04040129482746124,0.75
chair_pose,1.0,1.0,0.6666666666666666,1.0,0.0,0.05750377103686333,0.75
downward-facing_dog_pose,0.0,1.0,0.6666666666666666,1.0,0.008707690984010696,0.19997362792491913,0.75
downward-facing_dog_pose,0.0,1.0,0.8333333333333334,1.0,0.04030361399054527,0.11527949571609497,0.75
downward-facing_dog_pose,1.0,1.0,0.9166666666666666,1.0,0.022675471380352974,0.02577625960111618,0.75
downward-facing_dog_pose,1.0,1.0,0.8333333333333334,1.0,0.008976002223789692,0.03907151520252228,0.8333333333333334
downward-facing_dog_pose,1.0,1.0,0.9166666666666666,1.0,0.01966923289000988,0.012344063259661198,0.8333333333333334
downward-facing_dog_pose,1.0,1.0,0.9166666666666666,1.0,0.021878311410546303,0.018442325294017792,0.75
downward-facing_dog_pose,0.0,1.0,0.6666666666666666,1.0,0.02212228812277317,0.12737338244915009,0.75
downward-facing_dog_pose,0.0,1.0,0.5833333333333334,0.5,0.05891776829957962,0.12254912406206131,0.75
downward-facing_dog_pose,1.0,1.0,0.75,1.0,0.013497662730515003,0.04527487978339195,0.75
downward-facing_dog_pose,0.0,1.0,0.6666666666666666,1.0,0.005768197122961283,0.13466757535934448,0.75
downward-facing_dog_pose,1.0,1.0,0.8333333333333334,1.0,0.018749600276350975,0.06770677119493484,0.75
downward-facing_dog_pose,1.0,1.0,0.8333333333333334,1.0,0.013696623966097832,0.04791819676756859,0.75
downward-facing_dog_pose,1.0,1.0,0.9166666666666666,1.0,0.00334751233458519,0.010807964950799942,0.9166666666666666
downward-facing_dog_pose,1.0,1.0,0.8333333333333334,1.0,0.009385173209011555,0.0712047591805458,0.8333333333333334
downward-facing_dog_pose,1.0,1.0,0.9166666666666666,1.0,0.012272650375962257,0.022015893831849098,0.8333333333333334
downward-facing_dog_pose,1.0,1.0,0.8333333333333334,1.0,0.022712547332048416,0.06420184671878815,0.75
downward-facing_dog_pose,1.0,1.0,0.8333333333333334,1.0,0.025941375643014908,0.07661212980747223,0.75
downward-facing_dog_pose,0.0,1.0,0.75,1.0,0.010113819502294064,0.10063271969556808,0.75
goddess_pose,1.0,0.0,0.75,0.0,0.11719813942909241,0.04402540251612663,0.75
goddess_pose,0.0,0.0,0.6666666666666666,0.5,0.10158167034387589,0.10101578384637833,0.75
goddess_pose,0.0,1.0,0.8333333333333334,1.0,0.07414431869983673,0.10810752958059311,0.75
goddess_pose,1.0,1.0,0.5833333333333334,1.0,0.0,0.09729492664337158,0.75
goddess_pose,0.0,0.0,0.6666666666666666,0.5,0.25487756729125977,0.11943940073251724,0.8333333333333334
goddess_pose,1.0,1.0,0.8333333333333334,1.0,0.0,0.08715047687292099,0.75
goddess_pose,1.0,1.0,0.9166666666666666,1.0,0.0644761398434639,0.01844906434416771,0.75
goddess_pose,1.0,1.0,0.75,1.0,0.0,0.07037471979856491,0.8333333333333334
goddess_pose,1.0,1.0,0.75,1.0,0.0,0.05535181984305382,0.75
goddess_pose,1.0,1.0,0.9166666666666666,1.0,0.01980559714138508,0.028248900547623634,0.75
goddess_pose,1.0,0.0,0.75,0.0,0.1237858310341835,0.041451577097177505,0.8333333333333334
goddess_pose,1.0,1.0,0.75,1.0,0.0,0.08911063522100449,0.75
goddess_pose,1.0,1.0,0.75,0.5,0.06478746235370636,0.054483044892549515,0.8333333333333334
goddess_pose,1.0,1.0,0.8333333333333334,1.0,0.016549602150917053,0.06118277087807655,0.6666666666666666
goddess_pose,0.0,1.0,0.5,1.0,0.0,0.1526799201965332,0.75
goddess_pose,1.0,1.0,0.8333333333333334,0.5,0.09665486216545105,0.03062797337770462,0.75
goddess_pose,1.0,0.0,0.75,0.0,0.1415349245071411,0.059141501784324646,0.8333333333333334
goddess_pose,1.0,1.0,0.75,1.0,0.0,0.09490437060594559,0.8333333333333334
goddess_pose,1.0,1.0,0.8333333333333334,1.0,0.08463993668556213,0.049100954085588455,0.75
goddess_pose,1.0,1.0,0.9166666666666666,1.0,0.0,0.023511983454227448,0.8333333333333334
goddess_pose,1.0,1.0,0.9166666666666666,1.0,0.03194611147046089,0.01476142555475235,0.75
goddess_pose,1.0,1.0,0.8333333333333334,1.0,0.0,0.05511803925037384,0.8333333333333334
goddess_pose,0.0,1.0,0.6666666666666666,0.5,0.08277686685323715,0.12038160115480423,0.8333333333333334
goddess_pose,1.0,1.0,0.75,1.0,0.017426779493689537,0.06312823295593262,0.75
goddess_pose,1.0,1.0,0.8333333333333334,1.0,0.0,0.0521218478679657,0.75
goddess_pose,1.0,1.0,0.8333333333333334,1.0,0.04210599139332771,0.047554004937410355,0.75
goddess_pose,0.0,0.0,0.5833333333333334,0.5,0.23569203913211823,0.17675040662288666,0.75
goddess_pose,1.0,1.0,0.9166666666666666,1.0,0.08010929077863693,0.03440103307366371,0.8333333333333334
goddess_pose,1.0,1.0,0.9166666666666666,1.0,0.03183433786034584,0.020155182108283043,0.75
goddess_pose,0.0,1.0,0.6666666666666666,1.0,0.049022868275642395,0.10565104335546494,0.8333333333333334
goddess_pose,1.0,1.0,1.0,1.0,0.010150577872991562,0.003978276625275612,0.8333333333333334
goddess_pose,0.0,1.0,0.75,1.0,0.0,0.108441561460495,0.8333333333333334
goddess_pose,0.0,1.0,0.6666666666666666,1.0,0.04245511814951897,0.10796990245580673,0.8333333333333334
goddess_pose,1.0,1.0,0.6666666666666666,1.0,0.0,0.09713051468133926,0.75
goddess_pose,0.0,0.0,0.75,0.5,0.27315226197242737,0.1586487591266632,0.8333333333333334
goddess_pose,1.0,0.0,0.75,0.0,0.14199568331241608,0.059697091579437256,0.75
goddess_pose,1.0,0.0,0.8333333333333334,0.5,0.2044796645641327,0.08035445958375931,0.75
goddess_pose,1.0,1.0,0.75,1.0,0.0,0.07342693209648132,0.8333333333333334
goddess_pose,1.0,1.0,0.9166666666666666,1.0,0.044523973017930984,0.02064739353954792,0.75
goddess_pose,1.0,1.0,0.6666666666666666,1.0,0.0,0.08493897318840027,0.8333333333333334
goddess_pose,1.0,1.0,0.9166666666666666,1.0,0.04779088869690895,0.021277466788887978,0.75
goddess_pose,1.0,1.0,1.0,1.0,0.027670368552207947,0.009853395633399487,0.8333333333333334
goddess_pose,1.0,1.0,0.75,1.0,0.0,0.07821980863809586,0.75
goddess_pose,0.0,1.0,0.6666666666666666,1.0,0.006160887889564037,0.11758176237344742,0.75
goddess_pose,1.0,1.0,0.8333333333333334,1.0,0.020737016573548317,0.03619876876473427,0.75
goddess_pose,1.0,0.0,0.75,0.0,0.13296428322792053,0.04742478206753731,0.8333333333333334
goddess_pose,1.0,1.0,0.75,1.0,0.015289179980754852,0.07375491410493851,0.75
goddess_pose,1.0,1.0,0.75,1.0,0.0,0.06312881410121918,0.8333333333333334
goddess_pose,0.0,1.0,0.75,1.0,0.03997545316815376,0.1281251311302185,0.75
goddess_pose,1.0,1.0,0.8333333333333334,0.5,0.08811904489994049,0.02709168754518032,0.75
goddess_pose,1.0,0.0,0.8333333333333334,0.5,0.15579211711883545,0.05051671341061592,0.75
goddess_pose,1.0,0.0,0.75,0.0,0.18525373935699463,0.06171092018485069,0.75
goddess_pose,1.0,1.0,0.75,0.5,0.09900572896003723,0.08508699387311935,0.75
goddess_pose,0.0,1.0,0.6666666666666666,1.0,0.0,0.13582293689250946,0.75
lord_of_the_dance_pose,0.0,1.0,0.6666666666666666,0.5,0.06817526370286942,0.10267189890146255,0.8333333333333334
lord_of_the_dance_pose,1.0,1.0,0.8333333333333334,1.0,0.07045125216245651,0.03585151955485344,0.75
lord_of_the_dance_pose,1.0,1.0,0.8333333333333334,1.0,0.0811413824558258,0.09540540724992752,0.8333333333333334
lord_of_the_dance_pose,0.0,0.0,0.5,0.0,0.1589893400669098,0.10745418816804886,0.6666666666666666
lord_of_the_dance_pose,1.0,1.0,0.8333333333333334,1.0,0.053113583475351334,0.03364439681172371,0.75
lord_of_the_dance_pose,0.0,0.0,0.6666666666666666,0.5,0.284216970205307,0.20786230266094208,0.75
lord_of_the_dance_pose,1.0,0.0,0.8333333333333334,0.5,0.10065567493438721,0.0314830020070076,0.75
lord_of_the_dance_pose,1.0,1.0,0.9166666666666666,1.0,0.07181217521429062,0.02901265025138855,0.75
lord_of_the_dance_pose,1.0,0.0,0.8333333333333334,0.0,0.18865634500980377,0.06131753325462341,0.8333333333333334
lord_of_the_dance_pose,0.0,1.0,0.5833333333333334,0.5,0.06141860410571098,0.11246278882026672,0.8333333333333334
lord_of_the_dance_pose,1.0,1.0,0.8333333333333334,1.0,0.08646431565284729,0.02753373421728611,0.75
lord_of_the_dance_pose,1.0,1.0,0.8333333333333334,1.0,0.03090539760887623,0.09792361408472061,0.75
lord_of_the_dance_pose,1.0,0.0,0.8333333333333334,0.0,0.16710172593593597,0.05472317710518837,0.8333333333333334
lord_of_the_dance_pose,1.0,1.0,0.9166666666666666,1.0,0.0,0.03812689706683159,0.75
lord_of_the_dance_pose,0.0,0.0,0.6666666666666666,0.5,0.2027890980243683,0.1734340637922287,0.8333333333333334
lord_of_the_dance_pose,1.0,1.0,0.9166666666666666,1.0,0.0404948852956295,0.0454196073114872,0.8333333333333334
lord_of_the_dance_pose,1.0,1.0,0.8333333333333334,1.0,0.011874628253281116,0.04675268009305,0.75
lord_of_the_dance_pose,1.0,1.0,0.75,1.0,0.04892604425549507,0.0722651258111,0.8333333333333334
lord_of_the_dance_pose,0.0,1.0,0.75,1.0,0.0438852421939373,0.10808718204498291,0.8333333333333334
lord_of_the_dance_pose,0.0,1.0,0.8333333333333334,1.0,0.0316956527531147,0.10317347198724747,0.75
lord_of_the_dance_pose,1.0,1.0,1.0,1.0,0.022664370015263557,0.007529651280492544,0.75
lord_of_the_dance_pose,0.0,0.0,0.75,0.0,0.23635943233966827,0.1425914317369461,0.8333333333333334
lord_of_the_dance_pose,1.0,1.0,0.9166666666666666,1.0,0.07150207459926605,0.020457888022065163,0.75
lord_of_the_dance_pose,0.0,1.0,0.6666666666666666,1.0,0.02828533947467804,0.19703759253025055,0.8333333333333334
lord_of_the_dance_pose,0.0,1.0,0.4166666666666667,0.5,0.0603802427649498,0.20818160474300385,0.6666666666666666
lord_of_the_dance_pose,1.0,1.0,0.6666666666666666,1.0,0.0,0.08675700426101685,0.75
lord_of_the_dance_pose,1.0,1.0,0.9166666666666666,1.0,0.043996647000312805,0.03378753736615181,0.8333333333333334
lord_of_the_dance_pose,1.0,1.0,1.0,1.0,0.01767130196094513,0.00845565926283598,0.8333333333333334
lord_of_the_dance_pose,1.0,1.0,0.75,1.0,0.00538818771019578,0.04794923588633537,0.75
lord_of_the_dance_pose,1.0,1.0,0.9166666666666666,1.0,0.030703015625476837,0.0418023057281971,0.75
lord_of_the_dance_pose,1.0,1.0,0.75,0.5,0.06350556761026382,0.06206895411014557,0.75
lord_of_the_dance_pose,1.0,1.0,0.75,0.5,0.05515650659799576,0.05157458782196045,0.8333333333333334
lord_of_the_dance_pose,1.0,1.0,0.8333333333333334,1.0,0.09730283170938492,0.08078905194997787,0.6666666666666666
lord_of_the_dance_pose,1.0,1.0,1.0,1.0,0.026549387723207474,0.006974074989557266,0.75
lord_of_the_dance_pose,1.0,1.0,1.0,1.0,0.019838158041238785,0.007894660346210003,0.8333333333333334
lord_of_the_dance_pose,0.0,0.0,0.75,0.0,0.16864976286888123,0.1229204535484314,0.8333333333333334
lord_of_the_dance_pose,0.0,1.0,0.6666666666666666,1.0,0.0,0.1068291962146759,0.75
lord_of_the_dance_pose,1.0,1.0,0.75,1.0,0.0,0.07909148931503296,0.8333333333333334
lord_of_the_dance_pose,1.0,1.0,1.0,1.0,0.026523103937506676,0.007907846011221409,0.75
lord_of_the_dance_pose,1.0,1.0,1.0,1.0,0.02940940298140049,0.008381453342735767,0.75
lord_of_the_dance_pose,1.0,1.0,0.6666666666666666,0.5,0.061495568603277206,0.07311643660068512,0.75
lord_of_the_dance_pose,1.0,1.0,1.0,1.0,0.021304354071617126,0.012224228121340275,0.75
lord_of_the_dance_pose,1.0,0.0,0.8333333333333334,0.0,0.10344589501619339,0.05375485122203827,0.8333333333333334
lord_of_the_dance_pose,1.0,1.0,1.0,1.0,0.00903016235679388,0.012905504554510117,0.8333333333333334
lord_of_the_dance_pose,1.0,1.0,1.0,1.0,0.03788643330335617,0.01099559385329485,0.75
lord_of_the_dance_pose,1.0,1.0,1.0,1.0,0.012070071883499622,0.00857196468859911,0.75
lord_of_the_dance_pose,1.0,1.0,0.8333333333333334,1.0,0.06894417107105255,0.07284122705459595,0.75
lord_of_the_dance_pose,1.0,1.0,0.9166666666666666,1.0,0.060802165418863297,0.018990041688084602,0.75
lord_of_the_dance_pose,0.0,1.0,0.4166666666666667,1.0,0.0,0.18457068502902985,0.75
lord_of_the_dance_pose,1.0,0.0,0.8333333333333334,0.0,0.10697298496961594,0.049038395285606384,0.8333333333333334
lord_of_the_dance_pose,1.0,1.0,0.9166666666666666,1.0,0.021745139732956886,0.04290385916829109,0.8333333333333334
lord_of_the_dance_pose,1.0,1.0,1.0,1.0,0.04019828885793686,0.016947127878665924,0.75
lord_of_the_dance_pose,1.0,1.0,1.0,1.0,0.029703231528401375,0.011644688434898853,0.75
low_lunge_pose,1.0,1.0,0.9166666666666666,1.0,0.0,0.036568935960531235,0.75
low_lunge_pose,1.0,0.0,0.75,0.0,0.18908633291721344,0.0775437206029892,0.8333333333333334
low_lunge_pose,1.0,1.0,1.0,1.0,0.07330942153930664,0.018321892246603966,0.75
low_lunge_pose,1.0,0.0,0.8333333333333334,0.0,0.1421779990196228,0.05104270577430725,0.75
low_lunge_pose,1.0,0.0,0.75,0.0,0.16259612143039703,0.06947460770606995,0.75
low_lunge_pose,0.0,0.0,0.5833333333333334,0.5,0.11797740310430527,0.14673341810703278,0.75
low_lunge_pose,1.0,1.0,0.6666666666666666,0.5,0.058282893151044846,0.06520470231771469,0.8333333333333334
low_lunge_pose,1.0,1.0,0.6666666666666666,0.5,0.09137637913227081,0.09758442640304565,0.8333333333333334
low_lunge_pose,0.0,1.0,0.75,1.0,0.0,0.13161905109882355,0.8333333333333334
low_lunge_pose,1.0,0.0,0.75,0.0,0.2658933997154236,0.056004106998443604,0.75
low_lunge_pose,1.0,1.0,0.9166666666666666,1.0,0.024405023083090782,0.020135892555117607,0.75
low_lunge_pose,0.0,0.0,0.5833333333333334,0.5,0.13950566947460175,0.20272253453731537,0.8333333333333334
low_lunge_pose,1.0,1.0,0.9166666666666666,1.0,0.01672317460179329,0.037930671125650406,0.75
low_lunge_pose,1.0,1.0,1.0,1.0,0.015321211889386177,0.006098510231822729,0.8333333333333334
low_lunge_pose,1.0,1.0,1.0,1.0,0.0895320475101471,0.016434332355856895,0.75
low_lunge_pose,1.0,0.0,0.8333333333333334,0.5,0.13742701709270477,0.09766613692045212,0.8333333333333334
low_lunge_pose,0.0,0.0,0.6666666666666666,0.5,0.1555141657590866,0.14654025435447693,0.75
low_lunge_pose,1.0,1.0,0.9166666666666666,1.0,0.0,0.04388325288891792,0.75
low_lunge_pose,1.0,0.0,0.75,0.0,0.15634560585021973,0.05465138331055641,0.75
low_lunge_pose,0.0,1.0,0.6666666666666666,1.0,0.0,0.13777561485767365,0.75
low_lunge_pose,0.0,1.0,0.6666666666666666,1.0,0.0,0.1125771775841713,0.75
low_lunge_pose,1.0,1.0,0.8333333333333334,0.5,0.0970076248049736,0.03166656196117401,0.75
low_lunge_pose,1.0,1.0,0.6666666666666666,0.5,0.07758032530546188,0.08885886520147324,0.8333333333333334
low_lunge_pose,1.0,0.0,0.75,0.0,0.2909698188304901,0.07378444075584412,0.8333333333333334
low_lunge_pose,0.0,1.0,0.4166666666666667,0.5,0.08693819493055344,0.20644406974315643,0.6666666666666666
low_lunge_pose,0.0,0.0,0.6666666666666666,0.5,0.13004374504089355,0.1180829331278801,0.8333333333333334
low_lunge_pose,0.0,1.0,0.5,1.0,0.0,0.19267773628234863,0.6666666666666666
low_lunge_pose,0.0,1.0,0.5833333333333334,1.0,0.0,0.10159003734588623,0.75
low_lunge_pose,0.0,1.0,0.5833333333333334,1.0,0.0,0.1739325374364853,0.75
low_lunge_pose,0.0,1.0,0.5833333333333334,1.0,0.0,0.1759527176618576,0.8333333333333334
low_lunge_pose,1.0,0.0,0.8333333333333334,0.0,0.11417222768068314,0.024367772042751312,0.75
low_lunge_pose,1.0,1.0,0.6666666666666666,1.0,0.01929980330169201,0.08140970021486282,0.6666666666666666
low_lunge_pose,0.0,1.0,0.6666666666666666,1.0,0.0,0.10225409269332886,0.75
low_lunge_pose,0.0,1.0,0.6666666666666666,1.0,0.0,0.1395748108625412,0.75
low_lunge_pose,1.0,0.0,0.75,0.0,0.1466747373342514,0.035040512681007385,0.75
low_lunge_pose,1.0,0.0,0.5833333333333334,0.5,0.11154355853796005,0.08248396962881088,0.75
low_lunge_pose,1.0,1.0,0.5833333333333334,0.5,0.05673225224018097,0.09908410906791687,0.8333333333333334
low_lunge_pose,1.0,0.0,0.75,0.0,0.20262175798416138,0.06469607353210449,0.8333333333333334
low_lunge_pose,1.0,0.0,0.8333333333333334,0.0,0.1187056303024292,0.04036493971943855,0.75
low_lunge_pose,0.0,1.0,0.5833333333333334,0.5,0.06287658214569092,0.12656211853027344,0.8333333333333334
low_lunge_pose,1.0,1.0,0.9166666666666666,1.0,0.0,0.031632304191589355,0.75
low_lunge_pose,1.0,1.0,0.75,1.0,0.0,0.05955013632774353,0.75
low_lunge_pose,1.0,1.0,0.9166666666666666,1.0,0.0,0.026260456070303917,0.8333333333333334
low_lunge_pose,1.0,0.0,0.75,0.0,0.12541726231575012,0.05151648446917534,0.8333333333333334
low_lunge_pose,1.0,0.0,0.8333333333333334,0.0,0.1751636415719986,0.02965419553220272,0.75
low_lunge_pose,1.0,1.0,0.9166666666666666,1.0,0.0,0.025303998962044716,0.8333333333333334
low_lunge_pose,1.0,1.0,0.8333333333333334,1.0,0.06990087777376175,0.057220060378313065,0.6666666666666666
low_lunge_pose,0.0,1.0,0.5833333333333334,1.0,0.0,0.2107643336057663,0.75
low_lunge_pose,1.0,1.0,0.8333333333333334,1.0,0.0,0.034541696310043335,0.75
low_lunge_pose,1.0,0.0,0.6666666666666666,0.5,0.10862164944410324,0.08925992995500565,0.8333333333333334
side_plank_pose,1.0,1.0,0.75,0.5,0.06928012520074844,0.06531821936368942,0.75
side_plank_pose,1.0,1.0,0.9166666666666666,1.0,0.0,0.01963943801820278,0.8333333333333334
side_plank_pose,1.0,0.0,0.8333333333333334,0.0,0.20469684898853302,0.07292269170284271,0.75
side_plank_pose,1.0,1.0,1.0,1.0,0.04580271244049072,0.011187810450792313,0.8333333333333334
side_plank_pose,0.0,1.0,0.6666666666666666,1.0,0.021987421438097954,0.16713285446166992,0.75
side_plank_pose,1.0,1.0,0.9166666666666666,1.0,0.07362915575504303,0.027183502912521362,0.75
side_plank_pose,1.0,0.0,0.8333333333333334,0.0,0.18879447877407074,0.06422946602106094,0.75
side_plank_pose,1.0,1.0,0.6666666666666666,0.5,0.057407692074775696,0.08250374346971512,0.8333333333333334
side_plank_pose,1.0,1.0,0.9166666666666666,1.0,0.02179434895515442,0.017470354214310646,0.8333333333333334
side_plank_pose,0.0,1.0,0.6666666666666666,1.0,0.005452024284750223,0.10783427208662033,0.75
side_plank_pose,0.0,1.0,0.8333333333333334,1.0,0.0,0.14252904057502747,0.8333333333333334
side_plank_pose,0.0,1.0,0.8333333333333334,1.0,0.08234523236751556,0.12222471088171005,0.75
side_plank_pose,0.0,1.0,0.8333333333333334,1.0,0.05713522061705589,0.1296902298927307,0.75
side_plank_pose,1.0,1.0,0.6666666666666666,0.5,0.050175148993730545,0.08298611640930176,0.8333333333333334
side_plank_pose,1.0,1.0,0.6666666666666666,1.0,0.010692276991903782,0.08385830372571945,0.8333333333333334
side_plank_pose,1.0,0.0,0.8333333333333334,0.5,0.16582415997982025,0.09800794720649719,0.8333333333333334
side_plank_pose,1.0,1.0,0.8333333333333334,1.0,0.021021148189902306,0.05052332580089569,0.8333333333333334
side_plank_pose,1.0,0.0,0.8333333333333334,0.0,0.11146603524684906,0.03579571470618248,0.75
side_plank_pose,0.0,1.0,0.6666666666666666,1.0,0.03602200746536255,0.13082048296928406,0.8333333333333334
side_plank_pose,1.0,1.0,0.75,1.0,0.03201334923505783,0.0746634379029274,0.75
side_plank_pose,1.0,1.0,0.8333333333333334,1.0,0.0960054025053978,0.09106907248497009,0.8333333333333334
side_plank_pose,0.0,1.0,0.75,1.0,0.0,0.12732629477977753,0.8333333333333334
side_plank_pose,0.0,1.0,0.6666666666666666,0.5,0.07593683153390884,0.1135297417640686,0.75
side_plank_pose,0.0,0.0,0.8333333333333334,0.5,0.23878908157348633,0.12051165103912354,0.75
side_plank_pose,1.0,1.0,0.8333333333333334,1.0,0.062489476054906845,0.05269895866513252,0.75
side_plank_pose,1.0,1.0,0.8333333333333334,1.0,0.049106840044260025,0.09843284636735916,0.75
side_plank_pose,1.0,1.0,0.9166666666666666,1.0,0.055867765098810196,0.022428905591368675,0.9166666666666666
side_plank_pose,1.0,1.0,0.9166666666666666,1.0,0.02791285328567028,0.024015583097934723,0.9166666666666666
side_plank_pose,1.0,1.0,0.75,1.0,0.0,0.0639343187212944,0.75
side_plank_pose,0.0,1.0,0.6666666666666666,1.0,0.0324835367500782,0.1521383821964264,0.8333333333333334
side_plank_pose,1.0,1.0,0.8333333333333334,1.0,0.02042902633547783,0.07222994416952133,0.75
side_plank_pose,1.0,1.0,0.8333333333333334,1.0,0.03116840124130249,0.026704154908657074,0.75
side_plank_pose,0.0,1.0,0.8333333333333334,1.0,0.05025501176714897,0.12599222362041473,0.75
side_plank_pose,1.0,1.0,0.8333333333333334,1.0,0.017853915691375732,0.058797407895326614,0.8333333333333334
side_plank_pose,1.0,1.0,0.9166666666666666,1.0,0.024869801476597786,0.021289551630616188,0.8333333333333334
side_plank_pose,1.0,1.0,0.9166666666666666,1.0,0.08595395088195801,0.02522174082696438,0.75
side_plank_pose,1.0,1.0,0.9166666666666666,1.0,0.06826294958591461,0.02631300501525402,0.8333333333333334
side_plank_pose,0.0,1.0,0.8333333333333334,1.0,0.06277070939540863,0.1301460862159729,0.75
side_plank_pose,1.0,0.0,0.8333333333333334,0.0,0.10871536284685135,0.04151217266917229,0.8333333333333334
side_plank_pose,1.0,1.0,0.9166666666666666,1.0,0.0,0.015714209526777267,1.0
side_plank_pose,0.0,1.0,0.6666666666666666,1.0,0.03984617441892624,0.1819533109664917,0.75
side_plank_pose,1.0,1.0,0.6666666666666666,0.5,0.07455425709486008,0.09015107899904251,0.75
side_plank_pose,1.0,1.0,0.9166666666666666,1.0,0.02234928123652935,0.021353818476200104,0.8333333333333334
side_plank_pose,0.0,1.0,0.6666666666666666,1.0,0.0051171015948057175,0.1745675802230835,0.75
side_plank_pose,1.0,1.0,0.9166666666666666,1.0,0.021012162789702415,0.017367219552397728,0.8333333333333334
side_plank_pose,0.0,1.0,0.8333333333333334,1.0,0.0,0.13271740078926086,0.8333333333333334
side_plank_pose,1.0,1.0,0.9166666666666666,1.0,0.0624588206410408,0.0211353600025177,0.75
side_plank_pose,1.0,1.0,0.8333333333333334,1.0,0.042043376713991165,0.06745820492506027,0.75
side_plank_pose,1.0,0.0,0.8333333333333334,0.5,0.14471782743930817,0.08017479628324509,0.75
side_plank_pose,1.0,1.0,0.9166666666666666,1.0,0.042287565767765045,0.016993271186947823,0.9166666666666666
side_plank_pose,1.0,1.0,0.8333333333333334,1.0,0.008134144358336926,0.09528404474258423,0.8333333333333334
side_plank_pose,1.0,1.0,0.75,0.5,0.05774104595184326,0.04816693067550659,0.75
side_plank_pose,1.0,0.0,0.8333333333333334,0.0,0.10286537557840347,0.04626541957259178,0.75
side_plank_pose,0.0,1.0,0.75,1.0,0.017475249245762825,0.11889322847127914,0.8333333333333334
staff_pose,1.0,1.0,0.75,1.0,0.0075888619758188725,0.08143442124128342,0.75
staff_pose,0.0,1.0,0.6666666666666666,1.0,0.006066799629479647,0.17406392097473145,0.8333333333333334
staff_pose,1.0,1.0,0.75,0.5,0.0918184444308281,0.08314620703458786,0.75
staff_pose,1.0,1.0,0.9166666666666666,1.0,0.054880909621715546,0.021309079602360725,0.8333333333333334
staff_pose,0.0,1.0,0.8333333333333334,1.0,0.022228002548217773,0.10067945718765259,0.75
staff_pose,1.0,0.0,0.8333333333333334,0.0,0.23110905289649963,0.0819731056690216,0.8333333333333334
staff_pose,1.0,1.0,0.9166666666666666,1.0,0.015149476006627083,0.012812328524887562,0.8333333333333334
staff_pose,1.0,1.0,0.9166666666666666,1.0,0.06322786211967468,0.03305068239569664,0.8333333333333334
staff_pose,1.0,1.0,0.8333333333333334,1.0,0.021368807181715965,0.0885445773601532,0.75
staff_pose,0.0,1.0,0.6666666666666666,1.0,0.012411258183419704,0.19534766674041748,0.75
staff_pose,1.0,1.0,0.8333333333333334,1.0,0.0,0.07130483537912369,0.8333333333333334
staff_pose,1.0,1.0,0.8333333333333334,1.0,0.032507795840501785,0.059121694415807724,0.75
staff_pose,1.0,1.0,0.75,1.0,0.016610348597168922,0.07380300015211105,0.75
staff_pose,0.0,1.0,0.8333333333333334,1.0,0.03566642478108406,0.12814143300056458,0.75
staff_pose,0.0,1.0,0.6666666666666666,1.0,0.020447762683033943,0.16542020440101624,0.8333333333333334
staff_pose,0.0,1.0,0.8333333333333334,1.0,0.01955747976899147,0.11394823342561722,0.75
staff_pose,1.0,0.0,0.8333333333333334,0.0,0.26254257559776306,0.08501606434583664,0.75
staff_pose,1.0,0.0,0.8333333333333334,0.0,0.10996155440807343,0.052382487803697586,0.8333333333333334
staff_pose,1.0,1.0,0.8333333333333334,1.0,0.018873676657676697,0.06196152791380882,0.75
staff_pose,1.0,1.0,0.8333333333333334,1.0,0.0,0.06043868139386177,0.8333333333333334
staff_pose,1.0,1.0,0.9166666666666666,1.0,0.04557885229587555,0.013494874350726604,0.8333333333333334
staff_pose,1.0,1.0,0.8333333333333334,1.0,0.012929614633321762,0.08914899826049805,0.75
staff_pose,0.0,1.0,0.8333333333333334,1.0,0.025957142934203148,0.16221463680267334,0.75
staff_pose,0.0,1.0,0.6666666666666666,1.0,0.010905482806265354,0.11247851699590683,0.75
staff_pose,1.0,0.0,0.8333333333333334,0.5,0.1258595734834671,0.038422584533691406,0.8333333333333334
staff_pose,1.0,1.0,0.8333333333333334,1.0,0.010989654809236526,0.07501203566789627,0.8333333333333334
staff_pose,0.0,1.0,0.5833333333333334,1.0,0.0,0.2045092135667801,0.75
staff_pose,1.0,1.0,0.9166666666666666,1.0,0.08851702511310577,0.03718911483883858,0.8333333333333334
staff_pose,1.0,0.0,0.8333333333333334,0.0,0.12756040692329407,0.06809989362955093,0.8333333333333334
staff_pose,1.0,1.0,0.8333333333333334,1.0,0.049702465534210205,0.06487900018692017,0.8333333333333334
staff_pose,1.0,1.0,0.9166666666666666,1.0,0.06651386618614197,0.032257482409477234,0.8333333333333334
tree_pose,1.0,1.0,1.0,1.0,0.03337032347917557,0.009214059449732304,0.8333333333333334
tree_pose,1.0,1.0,1.0,1.0,0.008740754798054695,0.008735774084925652,0.9166666666666666
tree_pose,1.0,0.0,0.8333333333333334,0.0,0.16447965800762177,0.04406159743666649,0.8333333333333334
tree_pose,1.0,1.0,0.75,1.0,0.085871122777462,0.07130620628595352,0.6666666666666666
tree_pose,1.0,1.0,1.0,1.0,0.013279369100928307,0.009367787279188633,0.8333333333333334
tree_pose,1.0,1.0,0.9166666666666666,1.0,0.05090866982936859,0.025544611737132072,0.8333333333333334
tree_pose,1.0,1.0,1.0,1.0,0.013977582566440105,0.0024591831024736166,0.8333333333333334
tree_pose,1.0,0.0,0.8333333333333334,0.5,0.10278528928756714,0.04264149069786072,0.8333333333333334
tree_pose,0.0,1.0,0.6666666666666666,0.5,0.073945552110672,0.15188361704349518,0.8333333333333334
tree_pose,0.0,1.0,0.5833333333333334,0.5,0.08305618166923523,0.15883630514144897,0.75
tree_pose,1.0,0.0,0.8333333333333334,0.0,0.10830414295196533,0.02643236517906189,0.8333333333333334
tree_pose,1.0,1.0,0.75,1.0,0.027263006195425987,0.09978780895471573,0.75
tree_pose,1.0,1.0,0.5833333333333334,0.5,0.05690619349479675,0.06609537452459335,0.75
tree_pose,1.0,1.0,0.8333333333333334,1.0,0.023021653294563293,0.0456395298242569,0.8333333333333334
tree_pose,1.0,1.0,0.6666666666666666,1.0,0.03212779760360718,0.09539690613746643,0.75
tree_pose,1.0,1.0,0.8333333333333334,1.0,0.033850062638521194,0.05453081056475639,0.75
tree_pose,1.0,1.0,0.6666666666666666,1.0,0.023233266547322273,0.09686815738677979,0.6666666666666666
tree_pose,1.0,1.0,0.9166666666666666,1.0,0.0,0.04253888130187988,0.8333333333333334
tree_pose,0.0,1.0,0.5833333333333334,1.0,0.0,0.17163525521755219,0.75
tree_pose,0.0,1.0,0.5833333333333334,0.5,0.053244300186634064,0.13030864298343658,0.8333333333333334
tree_pose,1.0,1.0,0.8333333333333334,1.0,0.0,0.03519637882709503,0.8333333333333334
tree_pose,0.0,1.0,0.5833333333333334,0.5,0.05622080713510513,0.18345437943935394,0.75
tree_pose,1.0,1.0,0.8333333333333334,1.0,0.05914130434393883,0.09605854749679565,0.75
tree_pose,0.0,0.0,0.75,0.0,0.309821754693985,0.11579778045415878,0.8333333333333334
tree_pose,1.0,1.0,0.8333333333333334,1.0,0.0,0.05740879103541374,0.8333333333333334
tree_pose,0.0,1.0,0.75,1.0,0.0,0.10405542701482773,0.75
tree_pose,0.0,1.0,0.6666666666666666,1.0,0.0,0.12532398104667664,0.75
tree_pose,1.0,1.0,0.8333333333333334,1.0,0.0,0.04895797371864319,0.75
tree_pose,1.0,0.0,0.8333333333333334,0.0,0.20495545864105225,0.05801653489470482,0.8333333333333334
tree_pose,1.0,1.0,0.8333333333333334,1.0,0.008428724482655525,0.032899580895900726,0.75
tree_pose,1.0,1.0,0.8333333333333334,1.0,0.0572705939412117,0.059791844338178635,0.8333333333333334
tree_pose,1.0,1.0,0.75,0.5,0.07290984690189362,0.08268440514802933,0.8333333333333334
tree_pose,1.0,1.0,0.8333333333333334,1.0,0.0,0.06049339845776558,0.8333333333333334
tree_pose,1.0,0.0,0.75,0.0,0.24518103897571564,0.06443047523498535,0.8333333333333334
tree_pose,0.0,1.0,0.5833333333333334,0.5,0.06158241257071495,0.1317497342824936,0.75
tree_pose,1.0,1.0,0.75,0.5,0.07496245950460434,0.07420732825994492,0.8333333333333334
tree_pose,1.0,1.0,0.6666666666666666,0.5,0.05326039344072342,0.093414805829525,0.8333333333333334
tree_pose,1.0,1.0,0.8333333333333334,1.0,0.034764111042022705,0.02823246456682682,0.75
tree_pose,1.0,0.0,0.8333333333333334,0.0,0.109700508415699,0.036885816603899,0.8333333333333334
tree_pose,1.0,1.0,0.9166666666666666,1.0,0.0027361204847693443,0.015324853360652924,0.8333333333333334
tree_pose,1.0,1.0,0.8333333333333334,1.0,0.08893700689077377,0.028649022802710533,0.75
tree_pose,1.0,1.0,0.9166666666666666,1.0,0.06455948948860168,0.016113542020320892,0.75
tree_pose,0.0,1.0,0.6666666666666666,1.0,0.04017936810851097,0.17708750069141388,0.6666666666666666
tree_pose,1.0,1.0,0.9166666666666666,1.0,0.0,0.0492507629096508,0.75
tree_pose,0.0,1.0,0.6666666666666666,1.0,0.047300759702920914,0.11066558212041855,0.8333333333333334
tree_pose,0.0,0.0,0.75,0.0,0.24593010544776917,0.11251787096261978,0.8333333333333334
tree_pose,1.0,1.0,0.6666666666666666,1.0,0.01197882555425167,0.09008965641260147,0.75
tree_pose,1.0,1.0,0.8333333333333334,1.0,0.0,0.03845714405179024,0.75
tree_pose,1.0,1.0,0.8333333333333334,1.0,0.0,0.052319809794425964,0.8333333333333334
tree_pose,0.0,0.0,0.5,0.0,0.1264486312866211,0.1957898885011673,0.75
tree_pose,0.0,1.0,0.5,1.0,0.0,0.2043929547071457,0.75
tree_pose,1.0,1.0,0.75,1.0,0.03379753604531288,0.04649965837597847,0.8333333333333334
tree_pose,0.0,1.0,0.75,1.0,0.025311658158898354,0.12176410108804703,0.75
tree_pose,1.0,1.0,0.9166666666666666,1.0,0.08342109620571136,0.03472048044204712,0.8333333333333334
tree_pose,1.0,1.0,0.8333333333333334,1.0,0.0886310413479805,0.07105787843465805,0.8333333333333334
warrior_1_pose,1.0,1.0,0.6666666666666666,0.5,0.07576532661914825,0.08691311627626419,0.75
warrior_1_pose,1.0,1.0,0.8333333333333334,1.0,0.0,0.031674325466156006,0.75
warrior_1_pose,1.0,1.0,1.0,1.0,0.023054730147123337,0.005275539588183165,0.75
warrior_1_pose,0.0,1.0,0.6666666666666666,0.5,0.06272315979003906,0.13719891011714935,0.8333333333333334
warrior_1_pose,0.0,1.0,0.6666666666666666,1.0,0.0,0.22838784754276276,0.75
warrior_1_pose,0.0,0.0,0.5833333333333334,0.5,0.14276935160160065,0.16178826987743378,0.75
warrior_1_pose,1.0,1.0,0.9166666666666666,1.0,0.05516643449664116,0.023095211014151573,0.75
warrior_1_pose,0.0,0.0,0.5,0.0,0.13228166103363037,0.1120634451508522,0.6666666666666666
warrior_1_pose,1.0,1.0,0.9166666666666666,1.0,0.08148261159658432,0.024107515811920166,0.75
warrior_1_pose,1.0,0.0,0.75,0.0,0.1605619192123413,0.06678267568349838,0.75
warrior_1_pose,0.0,0.0,0.5833333333333334,0.0,0.1641298532485962,0.12957853078842163,0.6666666666666666
warrior_1_pose,1.0,1.0,0.75,1.0,0.018334943801164627,0.060118418186903,0.75
warrior_1_pose,1.0,1.0,0.9166666666666666,1.0,0.08187560737133026,0.03311032056808472,0.8333333333333334
warrior_1_pose,1.0,1.0,0.75,1.0,0.02799372561275959,0.0769197940826416,0.75
warrior_1_pose,1.0,0.0,0.75,0.0,0.13822726905345917,0.06189107894897461,0.75
warrior_1_pose,1.0,1.0,0.5833333333333334,1.0,0.0,0.07999368011951447,0.75
warrior_1_pose,1.0,1.0,1.0,1.0,0.037559494376182556,0.013769622892141342,0.75
warrior_1_pose,1.0,1.0,0.6666666666666666,0.5,0.058233585208654404,0.047739092260599136,0.75
warrior_1_pose,1.0,0.0,0.8333333333333334,0.0,0.2908610999584198,0.044090960174798965,0.75
warrior_1_pose,1.0,1.0,0.9166666666666666,1.0,0.01950708031654358,0.031980548053979874,0.75
warrior_1_pose,1.0,1.0,0.9166666666666666,1.0,0.09052323549985886,0.031083906069397926,0.8333333333333334
warrior_1_pose,1.0,1.0,0.9166666666666666,1.0,0.0,0.035442572087049484,0.8333333333333334
warrior_1_pose,1.0,1.0,0.8333333333333334,1.0,0.03718392550945282,0.04113084450364113,0.75
warrior_1_pose,1.0,0.0,0.75,0.0,0.25657039880752563,0.07440846413373947,0.75
warrior_1_pose,1.0,1.0,0.9166666666666666,1.0,0.06867184489965439,0.022557450458407402,0.75
warrior_1_pose,1.0,0.0,0.6666666666666666,0.5,0.11849217861890793,0.09451059252023697,0.75
warrior_1_pose,1.0,1.0,0.9166666666666666,1.0,0.05527830868959427,0.03276527673006058,0.8333333333333334
warrior_1_pose,1.0,1.0,0.9166666666666666,1.0,0.09822481870651245,0.03126279637217522,0.75
warrior_1_pose,1.0,1.0,0.8333333333333334,1.0,0.07317131012678146,0.04569002985954285,0.75
warrior_1_pose,0.0,1.0,0.6666666666666666,1.0,0.0,0.13112054765224457,0.75
warrior_1_pose,1.0,1.0,0.9166666666666666,1.0,0.09099461883306503,0.048470932990312576,0.75
warrior_1_pose,0.0,1.0,0.6666666666666666,1.0,0.0,0.11102992296218872,0.75
warrior_1_pose,1.0,1.0,0.75,1.0,0.04665246978402138,0.0612090639770031,0.8333333333333334
warrior_1_pose,1.0,1.0,0.8333333333333334,1.0,0.0,0.052939120680093765,0.75
warrior_1_pose,1.0,1.0,0.6666666666666666,1.0,0.0,0.07127845287322998,0.75
warrior_1_pose,1.0,1.0,0.6666666666666666,0.5,0.07147511094808578,0.0825507864356041,0.75
warrior_1_pose,1.0,0.0,0.75,0.0,0.1915053278207779,0.07136530429124832,0.75
warrior_1_pose,1.0,1.0,0.6666666666666666,0.5,0.05119476467370987,0.07771974056959152,0.6666666666666666
warrior_1_pose,1.0,0.0,0.75,0.0,0.28362685441970825,0.08818089962005615,0.8333333333333334
warrior_1_pose,1.0,0.0,0.8333333333333334,0.5,0.1174028217792511,0.03729153051972389,0.75
warrior_1_pose,1.0,1.0,0.9166666666666666,1.0,0.020711323246359825,0.01663556694984436,0.75
warrior_1_pose,1.0,0.0,0.75,0.0,0.16322185099124908,0.05333589389920235,0.75
warrior_1_pose,1.0,1.0,0.6666666666666666,0.5,0.07982231676578522,0.06233153119683266,0.75
warrior_1_pose,1.0,1.0,0.8333333333333334,1.0,0.0,0.04533889517188072,0.8333333333333334
warrior_1_pose,1.0,1.0,1.0,1.0,0.05681782215833664,0.018032705411314964,0.75
warrior_1_pose,1.0,1.0,0.6666666666666666,0.5,0.07529610395431519,0.07052581757307053,0.75
warrior_1_pose,0.0,1.0,0.5833333333333334,1.0,0.0,0.18180322647094727,0.75
warrior_1_pose,0.0,1.0,0.5833333333333334,1.0,0.0,0.1405068188905716,0.75
warrior_1_pose,1.0,1.0,0.75,1.0,0.0,0.055543214082717896,0.75
warrior_1_pose,1.0,0.0,0.75,0.0,0.19803102314472198,0.05765797570347786,0.75
warrior_1_pose,1.0,0.0,0.75,0.0,0.12320751696825027,0.059069108217954636,0.75
warrior_1_pose,1.0,0.0,0.75,0.5,0.16696473956108093,0.0892939567565918,0.75
warrior_1_pose,1.0,0.0,0.75,0.0,0.2763558626174927,0.05399647355079651,0.75
warrior_1_pose,1.0,1.0,1.0,1.0,0.041235197335481644,0.012281645089387894,0.75
warrior_2_pose,1.0,1.0,1.0,1.0,0.06881778687238693,0.014913104474544525,0.75
warrior_2_pose,0.0,1.0,0.8333333333333334,1.0,0.0,0.10160360485315323,0.8333333333333334
warrior_2_pose,1.0,1.0,0.75,1.0,0.01757168583571911,0.06523224711418152,0.75
warrior_2_pose,0.0,1.0,0.5833333333333334,0.5,0.052393123507499695,0.1300738900899887,0.75
warrior_2_pose,1.0,1.0,1.0,1.0,0.02400992624461651,0.006320204120129347,0.75
warrior_2_pose,0.0,1.0,0.5833333333333334,1.0,0.0,0.13206055760383606,0.8333333333333334
warrior_2_pose,1.0,1.0,0.8333333333333334,1.0,0.03629288449883461,0.09004569053649902,0.75
warrior_2_pose,1.0,0.0,0.75,0.0,0.30742496252059937,0.08900055289268494,0.75
warrior_2_pose,0.0,1.0,0.5833333333333334,1.0,0.0,0.13795386254787445,0.8333333333333334
warrior_2_pose,1.0,1.0,0.8333333333333334,1.0,0.016926681622862816,0.04980098828673363,0.75
warrior_2_pose,1.0,1.0,0.8333333333333334,1.0,0.0933486595749855,0.03580806031823158,0.75
warrior_2_pose,0.0,1.0,0.6666666666666666,1.0,0.0,0.14024321734905243,0.75
warrior_2_pose,1.0,1.0,0.8333333333333334,1.0,0.04441657289862633,0.07120723277330399,0.75
warrior_2_pose,1.0,1.0,1.0,1.0,0.06417234241962433,0.01637459546327591,0.75
warrior_2_pose,1.0,0.0,0.75,0.0,0.17258846759796143,0.05179445073008537,0.8333333333333334
warrior_2_pose,1.0,1.0,0.6666666666666666,0.5,0.09764625132083893,0.0959976315498352,0.75
warrior_2_pose,0.0,1.0,0.75,1.0,0.0,0.11432769894599915,0.8333333333333334
warrior_2_pose,1.0,1.0,0.9166666666666666,1.0,0.06630609184503555,0.019577836617827415,0.75
warrior_2_pose,0.0,1.0,0.6666666666666666,1.0,0.0,0.15587206184864044,0.75
warrior_2_pose,0.0,0.0,0.75,0.5,0.11264284700155258,0.11709684133529663,0.8333333333333334
warrior_2_pose,1.0,1.0,0.9166666666666666,1.0,0.020870046690106392,0.01533598080277443,0.75
warrior_2_pose,1.0,1.0,0.8333333333333334,1.0,0.0,0.04635533690452576,0.75
warrior_2_pose,0.0,0.0,0.5833333333333334,0.5,0.16876956820487976,0.17531341314315796,0.75
warrior_2_pose,1.0,0.0,0.75,0.0,0.17598780989646912,0.0597308911383152,0.8333333333333334
warrior_2_pose,1.0,0.0,0.75,0.0,0.15622100234031677,0.043627023696899414,0.8333333333333334
warrior_2_pose,0.0,1.0,0.5833333333333334,0.5,0.053639426827430725,0.14142894744873047,0.8333333333333334
warrior_2_pose,1.0,1.0,0.75,1.0,0.0,0.08719372004270554,0.75
warrior_2_pose,1.0,1.0,1.0,1.0,0.06394938379526138,0.013658158481121063,0.75
warrior_2_pose,1.0,1.0,0.75,1.0,0.012354223057627678,0.08296463638544083,0.8333333333333334
warrior_2_pose,1.0,1.0,1.0,1.0,0.016520965844392776,0.009477726183831692,0.75
warrior_2_pose,1.0,1.0,0.75,1.0,0.007685820106416941,0.057535767555236816,0.75
warrior_2_pose,0.0,1.0,0.6666666666666666,0.5,0.09084957093000412,0.10654311627149582,0.8333333333333334
warrior_2_pose,1.0,0.0,0.8333333333333334,0.0,0.10981065034866333,0.04716808721423149,0.8333333333333334
warrior_2_pose,0.0,1.0,0.5833333333333334,0.5,0.07412776350975037,0.13430435955524445,0.6666666666666666
warrior_2_pose,1.0,1.0,1.0,1.0,0.03217983990907669,0.009098098613321781,0.75
warrior_2_pose,1.0,1.0,0.8333333333333334,0.5,0.06594546139240265,0.02997429110109806,0.75
warrior_2_pose,1.0,1.0,0.6666666666666666,0.5,0.0748094990849495,0.07070568203926086,0.75
warrior_2_pose,1.0,1.0,0.8333333333333334,1.0,0.056918442249298096,0.06119479611515999,0.75
warrior_2_pose,0.0,1.0,0.6666666666666666,0.5,0.07712551206350327,0.12709756195545197,0.8333333333333334
warrior_2_pose,1.0,1.0,0.9166666666666666,1.0,0.07593785971403122,0.022395649924874306,0.75
warrior_2_pose,1.0,1.0,0.75,1.0,0.0,0.08827637881040573,0.75
warrior_2_pose,1.0,1.0,0.75,1.0,0.0,0.06234719976782799,0.75
warrior_2_pose,1.0,1.0,0.9166666666666666,1.0,0.005984142422676086,0.03909340873360634,0.75
warrior_2_pose,1.0,1.0,0.75,1.0,0.0,0.07970338314771652,0.75
warrior_2_pose,1.0,1.0,0.8333333333333334,1.0,0.07885167002677917,0.033900901675224304,0.75
warrior_2_pose,1.0,1.0,0.8333333333333334,1.0,0.04646313190460205,0.0743594691157341,0.75
warrior_2_pose,1.0,0.0,0.75,0.0,0.10648799687623978,0.06928228586912155,0.75
warrior_2_pose,1.0,1.0,0.75,0.5,0.07017186284065247,0.06877347826957703,0.8333333333333334
warrior_2_pose,1.0,1.0,1.0,1.0,0.03902142122387886,0.013244003057479858,0.75
warrior_2_pose,1.0,1.0,1.0,1.0,0.022974669933319092,0.006069354247301817,0.75
warrior_2_pose,1.0,1.0,0.9166666666666666,1.0,0.0754115879535675,0.02086007036268711,0.75
warrior_2_pose,0.0,1.0,0.5833333333333334,1.0,0.0,0.12587809562683105,0.75
warrior_2_pose,1.0,1.0,1.0,1.0,0.06669092178344727,0.017461569979786873,0.75
warrior_2_pose,1.0,1.0,0.8333333333333334,1.0,0.01165023073554039,0.037488892674446106,0.75
warrior_2_pose,1.0,1.0,0.8333333333333334,1.0,0.0,0.04977381229400635,0.75
warrior_2_pose,1.0,1.0,0.75,0.5,0.05745938792824745,0.05554540082812309,0.75
warrior_3_pose,1.0,1.0,0.8333333333333334,1.0,0.02797672525048256,0.034441400319337845,0.75
warrior_3_pose,1.0,1.0,0.8333333333333334,1.0,0.04914306104183197,0.09956982731819153,0.75
warrior_3_pose,1.0,1.0,0.8333333333333334,1.0,0.0523475781083107,0.09460002183914185,0.75
warrior_3_pose,0.0,1.0,0.6666666666666666,0.5,0.07347545772790909,0.11386168003082275,0.8333333333333334
warrior_3_pose,1.0,1.0,0.9166666666666666,1.0,0.02730986662209034,0.03509945422410965,0.8333333333333334
warrior_3_pose,1.0,1.0,0.9166666666666666,1.0,0.004721614066511393,0.012389971874654293,0.9166666666666666
warrior_3_pose,1.0,1.0,0.8333333333333334,1.0,0.05665403604507446,0.041129887104034424,0.75
warrior_3_pose,1.0,0.0,0.8333333333333334,0.0,0.11410946398973465,0.035300176590681076,0.75
warrior_3_pose,1.0,1.0,0.8333333333333334,1.0,0.024395165964961052,0.0987318754196167,0.8333333333333334
warrior_3_pose,1.0,1.0,0.8333333333333334,1.0,0.031128887087106705,0.08521214127540588,0.75
warrior_3_pose,1.0,1.0,0.9166666666666666,1.0,0.04442310333251953,0.020341800525784492,0.8333333333333334
warrior_3_pose,1.0,1.0,1.0,1.0,0.028918353840708733,0.009258353151381016,0.8333333333333334
warrior_3_pose,0.0,1.0,0.75,1.0,0.027698857709765434,0.10646054893732071,0.8333333333333334
warrior_3_pose,0.0,1.0,0.6666666666666666,0.5,0.07118824869394302,0.12128511816263199,0.8333333333333334
warrior_3_pose,1.0,1.0,0.8333333333333334,1.0,0.049485478550195694,0.07423195987939835,0.75
warrior_3_pose,1.0,1.0,1.0,1.0,0.02365942858159542,0.0071197859942913055,0.8333333333333334
warrior_3_pose,1.0,1.0,0.75,0.5,0.0935925766825676,0.08071889728307724,0.8333333333333334
warrior_3_pose,1.0,1.0,0.8333333333333334,1.0,0.031010380014777184,0.046461571007966995,0.75
warrior_3_pose,0.0,1.0,0.75,1.0,0.01740041747689247,0.14446936547756195,0.75
warrior_3_pose,0.0,1.0,0.6666666666666666,1.0,0.05901345983147621,0.11735636740922928,0.6666666666666666
warrior_3_pose,0.0,1.0,0.6666666666666666,1.0,0.0,0.1264747679233551,0.8333333333333334
warrior_3_pose,1.0,1.0,0.75,0.5,0.06660715490579605,0.08384329080581665,0.8333333333333334
warrior_3_pose,1.0,1.0,0.8333333333333334,1.0,0.0538494810461998,0.05223720148205757,0.75
warrior_3_pose,1.0,1.0,0.9166666666666666,1.0,0.005180856212973595,0.01653674617409706,0.9166666666666666
warrior_3_pose,0.0,1.0,0.6666666666666666,1.0,0.038568053394556046,0.1480288952589035,0.6666666666666666
warrior_3_pose,1.0,1.0,0.8333333333333334,1.0,0.013576013036072254,0.044126465916633606,0.8333333333333334
warrior_3_pose,0.0,0.0,0.8333333333333334,0.5,0.17427772283554077,0.11006651073694229,0.75
warrior_3_pose,1.0,1.0,0.8333333333333334,1.0,0.05004851892590523,0.05333699658513069,0.75
warrior_3_pose,0.0,1.0,0.6666666666666666,0.5,0.05866610258817673,0.14364129304885864,0.8333333333333334
warrior_3_pose,1.0,1.0,0.9166666666666666,1.0,0.04578807204961777,0.015175260603427887,0.8333333333333334
warrior_3_pose,1.0,1.0,0.75,0.5,0.06874626874923706,0.08286483585834503,0.8333333333333334
warrior_3_pose,1.0,1.0,0.9166666666666666,1.0,0.08452487736940384,0.0268658846616745,0.75
warrior_3_pose,1.0,1.0,0.9166666666666666,1.0,0.08370193839073181,0.04410438612103462,0.75
warrior_3_pose,1.0,1.0,0.9166666666666666,0.5,0.06682413071393967,0.011938449926674366,0.75
warrior_3_pose,1.0,1.0,0.8333333333333334,1.0,0.06370533257722855,0.06650378555059433,0.8333333333333334
warrior_3_pose,1.0,1.0,0.8333333333333334,1.0,0.07689055055379868,0.03659716621041298,0.75
warrior_3_pose,1.0,1.0,0.75,1.0,0.015699271112680435,0.05275340750813484,0.8333333333333334
warrior_3_pose,1.0,1.0,0.9166666666666666,1.0,0.003841543570160866,0.016644129529595375,0.9166666666666666
warrior_3_pose,1.0,1.0,0.8333333333333334,1.0,0.011349821463227272,0.07152482122182846,0.8333333333333334
warrior_3_pose,0.0,1.0,0.6666666666666666,1.0,0.04571648687124252,0.2014831304550171,0.75
warrior_3_pose,1.0,1.0,0.8333333333333334,1.0,0.049403369426727295,0.07216626405715942,0.75
warrior_3_pose,1.0,1.0,0.8333333333333334,1.0,0.03825332224369049,0.06851380318403244,0.75
warrior_3_pose,1.0,1.0,0.9166666666666666,1.0,0.08360102027654648,0.02499229460954666,0.75
warrior_3_pose,1.0,1.0,0.8333333333333334,1.0,0.00797942839562893,0.0246246587485075,0.75
warrior_3_pose,1.0,1.0,0.8333333333333334,1.0,0.02639847621321678,0.032923370599746704,0.75
warrior_3_pose,1.0,0.0,0.8333333333333334,0.0,0.14927493035793304,0.058689896017313004,0.8333333333333334
warrior_3_pose,1.0,0.0,0.8333333333333334,0.0,0.11877836287021637,0.04488658905029297,0.75
warrior_3_pose,0.0,1.0,0.75,1.0,0.03266310319304466,0.11900833249092102,0.75
warrior_3_pose,1.0,1.0,0.9166666666666666,1.0,0.09692534804344177,0.0462971068918705,0.8333333333333334
warrior_3_pose,1.0,1.0,0.8333333333333334,1.0,0.06604573130607605,0.06672823429107666,0.75
warrior_3_pose,1.0,1.0,0.9166666666666666,1.0,0.016942977905273438,0.012038747780025005,0.9166666666666666
warrior_3_pose,1.0,1.0,0.8333333333333334,1.0,0.00996061135083437,0.04382310435175896,0.75
